name,yearpublished,minplayers,maxplayers,playingtime,minplaytime,maxplaytime,minage,usersrated,average,bayesaverage,ranks/rank,owned,averageweight,numweights
Tigris & Euphrates,1997,2,4,90,90,90,12,22262,7.71522,7.57416,70,24736,3.5276,2519
Lost Cities,1999,2,2,30,30,30,10,30260,7.15166,7.05913,296,40069,1.5099,2722
Ra,1999,2,5,60,45,60,12,16816,7.47471,7.33737,133,15965,2.3524,1700
Lord of the Rings,2000,2,5,90,60,90,12,12711,6.76812,6.63186,717,19951,2.5714,1246
Samurai,1998,2,4,60,30,60,10,12970,7.44062,7.26325,177,13047,2.5022,1388
Battle Line,2000,2,2,30,30,30,12,13510,7.41942,7.24675,185,16589,1.9056,1102
Modern Art,1992,3,5,45,45,45,10,13302,7.34739,7.182,224,15114,2.3162,1306
Ingenious,2004,1,4,45,45,45,10,13932,7.15027,7.00673,339,15867,1.9261,1326
Through the Desert,1998,2,5,45,45,45,10,11355,7.05482,6.90132,438,11875,2.2125,1341
Blue Moon,2004,2,2,30,30,30,12,5203,6.7245,6.48724,908,6604,2.1726,585
Amun-Re,2003,3,5,90,90,90,12,7803,7.34425,7.09778,266,8260,3.0726,881
Taj Mahal,2000,3,5,100,75,100,12,6496,7.3134,7.02764,319,7202,2.996,751
Lord of the Rings: The Confrontation,2002,2,2,30,30,30,12,6128,7.20736,6.91227,425,7185,2.1941,649
Blue Moon City,2006,2,4,60,60,60,10,6974,7.05432,6.82211,518,6521,2.3002,826
Medici,1995,2,6,60,60,60,10,6316,7.14927,6.88322,453,6591,2.2705,562
Lord of the Rings: The Confrontation,2005,2,2,30,30,30,14,4979,7.49361,7.10009,264,6151,2.1963,438
Carcassonne: The Castle,2003,2,2,30,30,30,8,6790,7.08744,6.82693,511,9878,1.9857,700
Keltis,2008,2,4,30,30,30,10,4831,6.43729,6.24247,1387,5643,1.6552,406
Dream Factory,2000,2,5,60,60,60,10,4590,7.06159,6.74503,601,4741,2.1159,509
Kingdoms,1994,2,4,45,45,45,9,4297,6.6385,6.38904,1070,5584,1.8321,399
Colossal Arena,1997,2,5,60,60,60,8,6590,6.78626,6.58105,777,8099,2.018,722
Winner's Circle,2001,2,6,60,45,60,10,4466,6.96811,6.65359,687,4355,1.6084,498
Schotten Totten,1999,2,2,20,20,20,8,5097,7.31642,6.97396,365,7480,1.7286,339
Loot,1992,2,8,20,20,20,10,5268,6.30271,6.13704,1654,9206,1.3852,540
The Quest for El Dorado,2017,2,4,60,30,60,10,3366,7.54525,7.00718,338,5761,2.0225,89
High Society,1995,3,5,30,15,30,10,5313,6.85656,6.60836,748,6707,1.5305,492
Pickomino,2005,2,7,20,20,20,8,7359,6.54644,6.3817,1086,10173,1.1526,701
Star Trek: Expeditions,2011,1,4,60,60,60,14,1389,6.50704,6.02277,2028,2496,2.4118,119
Lost Cities: The Board Game,2008,2,4,60,30,60,8,3175,6.80953,6.45186,967,4447,1.7514,177
Blue Moon Legends,2014,2,2,30,30,30,14,1416,7.34782,6.49297,Not Ranked,3297,2.3016,63
Stephenson's Rocket,1999,2,4,60,60,60,12,2174,6.86743,6.40001,1056,2748,3.1164,232
Age of War,2014,2,6,30,15,30,14,4621,6.43229,6.20296,1483,6979,1.1237,194
The Hobbit,2010,2,5,45,30,45,8,1444,6.02345,5.76856,3416,3013,1.7094,117
Beowulf: The Legend,2005,2,5,60,60,60,12,2159,6.37994,6.06076,1890,2755,2.2418,306
Friday the 13th,2005,3,6,30,30,30,8,3527,6.45572,6.20556,1478,4350,1.1984,383
Ra: The Dice Game,2009,2,4,45,45,45,10,2286,6.76601,6.35189,1137,2105,1.7418,213
Tower of Babel,2005,3,5,45,45,45,10,2196,6.65356,6.25526,1351,2526,2.3389,298
Wildlife Safari,1994,2,5,30,20,30,7,2612,6.61797,6.27218,1327,3125,1.2948,268
En Garde,1993,2,2,30,30,30,8,1454,6.49047,6.04743,1941,1916,1.4103,117
Palazzo,2005,2,4,60,60,60,10,2301,6.55426,6.1985,1495,3045,2.0667,345
FITS,2009,1,4,45,45,45,8,2817,6.60087,6.28537,1306,2984,1.3923,209
Prosperity,2013,2,4,60,60,60,13,1379,6.76949,6.18768,1522,2251,2.5521,96
Quo Vadis?,1992,3,5,45,45,45,12,2001,6.4471,6.10113,1769,2624,2.0725,193
Risk Express,2006,2,6,20,20,20,8,942,6.27805,5.84708,2862,1127,1.1652,115
Money!,1999,3,5,30,30,30,10,2524,6.54977,6.21654,1463,3407,1.5502,209
Indigo,2012,2,4,30,30,30,8,2301,6.87481,6.40461,1046,3483,1.5,138
Masters Gallery,2009,2,5,30,20,30,8,1569,6.60214,6.1366,1656,2808,1.6581,155
Reiner Knizia's Decathlon,2003,1,4,45,45,45,10,972,6.21925,5.82273,3011,921,1.2087,115
Formula Motor Racing,1995,3,6,20,20,20,8,1804,6.39607,6.03873,1971,2119,1.1836,207
Beowulf: The Movie Board Game,2007,2,4,30,30,30,10,1427,6.33206,5.9507,2318,2547,2.155,129
Circus Flohcati,1998,2,5,15,15,15,6,2229,6.64346,6.24345,1382,3055,1.2293,205
Euphrates & Tigris: Contest of Kings,2005,2,4,45,45,45,12,1154,6.0763,5.77425,3371,2418,2.7355,155
Qin,2012,2,4,30,30,30,8,1794,6.80851,6.29336,1288,2166,2.0259,116
Ivanhoe,2000,2,5,45,45,45,10,1697,6.53947,6.11245,1720,2255,1.6085,189
Great Wall of China,2006,2,5,30,30,30,10,1872,6.22598,5.94944,2323,2470,1.873,244
Razzia!,2004,2,5,45,45,45,12,1722,6.81698,6.29391,1285,1763,1.9649,228
Rheinländer,1999,3,5,45,45,45,12,1439,6.61531,6.11596,1708,1948,2.4211,171
Scarab Lords,2002,2,2,30,30,30,12,1495,6.04121,5.79998,3169,2453,1.9085,164
Lord of the Rings,2003,2,5,20,20,20,6,486,5.97433,5.62807,5355,922,1.2388,67
Merchants of Amsterdam,2000,3,5,60,60,60,10,1483,6.7256,6.17689,1551,2189,2.6328,177
Ribbit,2004,2,5,20,20,20,5,1842,6.76766,6.24714,1373,2095,1.0964,166
Municipium,2008,2,4,60,60,60,10,738,6.71034,5.98304,2184,1046,2.4368,87
Ingenious: Travel Edition,2006,2,2,30,30,30,10,1808,7.11954,6.48551,911,2528,1.8553,159
Africa,2001,2,5,60,60,60,10,1230,5.998,5.75645,3534,1317,1.7481,131
Excape,1998,3,6,30,30,30,8,1428,6.30938,5.94991,2321,1316,1.1486,148
Medici vs Strozzi,2006,2,2,30,30,30,10,1584,6.52379,6.08793,1808,1864,2.4513,195
Priests of Ra,2009,2,5,60,60,60,12,1076,6.86553,6.15393,1614,1548,2.2473,93
Res Publica,1991,3,5,60,30,60,10,885,5.94432,5.68019,4357,1628,1.7037,81
Dragonland,2002,2,4,45,45,45,9,861,6.32718,5.84355,2889,1401,1.8396,106
Buy Low Sell High,1996,2,4,45,45,45,10,845,6.15273,5.76769,3431,1180,1.9906,106
Tutankhamen,1993,2,6,30,30,30,8,1231,6.11883,5.81159,3084,1596,1.586,157
Whoowasit?,2007,2,4,45,30,45,6,619,6.8227,5.96394,2249,1190,1.4318,44
Atlanteon,1992,2,2,30,30,30,12,668,5.81525,5.60077,6097,1341,2.0278,72
Black Sheep,2008,2,4,30,30,30,8,1051,5.95695,5.70656,4028,1911,1.4111,90
Samurai: The Card Game,2009,2,4,60,60,60,12,411,6.25574,5.6932,4188,683,2.0357,28
Sushizock im Gockelwok,2008,2,5,20,20,20,8,2018,6.47539,6.1111,1726,2524,1.244,209
Marco Polo Expedition,2004,2,5,45,45,45,8,742,6.19512,5.76447,3464,945,1.8,80
Times Square,2006,2,2,30,30,30,12,1105,6.30973,5.89568,2588,1673,1.6833,120
Keltis: Das Kartenspiel,2009,2,4,20,20,20,8,1337,6.72582,6.15357,1615,2112,1.5185,108
The Hobbit: An Unexpected Journey,2013,1,4,40,40,40,15,330,6.32639,5.67751,4395,889,1.875,24
Strozzi,2008,3,6,60,60,60,10,1085,6.7444,6.10407,1756,1517,2.2404,104
Abandon Ship,2008,3,7,30,30,30,10,895,6.32637,5.85544,2811,1119,1.2152,79
Fish Eat Fish,2003,2,5,30,30,30,8,651,5.72754,5.57977,6885,857,1.3662,71
Galaxy: The Dark Ages,2000,2,5,90,90,90,12,578,6.24575,5.74634,3609,991,2.3934,61
Clash of the Gladiators,2002,2,5,45,45,45,10,899,5.87589,5.65591,4780,1001,1.53,100
"Rome: Imperium, Circus Maximus, Hannibal vs Rome",2001,2,5,60,60,60,8,445,6.28667,5.71736,3917,620,1.7018,57
Blue Lagoon,2018,2,4,45,30,45,8,190,7.45421,5.77037,3401,335,2.2857,7
King's Gate,2002,2,4,30,30,30,9,790,6.20848,5.78429,3284,1294,2.0459,109
Relationship Tightrope,1999,3,5,30,30,30,8,992,6.1875,5.81636,3055,1492,1.3433,134
Hungry,1995,2,4,30,30,30,8,621,6.35147,5.79621,3195,927,1.4186,86
Minotaur Lords,2004,2,2,30,30,30,12,578,5.96771,5.66223,4676,1183,2.0811,74
Merchants,2007,2,4,30,30,30,12,764,6.58349,5.9319,2403,1096,1.7245,98
Gold Digger,1990,2,5,20,20,20,7,640,5.72605,5.57571,7076,1090,1.1975,81
Cheeky Monkey,2007,2,6,15,15,15,7,886,6.60017,5.97932,2194,981,1.1548,84
Monopoly: Stock Exchange,2001,2,6,120,120,120,8,157,5.60381,5.50344,12665,285,2.4615,13
Too Many Cooks,2002,2,5,30,30,30,10,1006,6.34602,5.8931,2602,1330,1.4038,104
Game of Thrones: Westeros Intrigue,2014,2,6,20,20,20,8,902,5.26197,5.38712,15638,1687,1.0714,56
Ilium,2008,2,4,35,35,35,8,340,6.18604,5.65284,4828,639,2.125,40
Jäger und Sammler,2010,2,4,45,45,45,10,468,6.71645,5.84661,2865,668,1.9756,41
Looting London,2008,2,5,30,30,30,10,536,5.85197,5.60719,5887,1103,1.4259,54
Cthulhu Rising,2008,2,2,20,20,20,0,185,5.18351,5.45473,15046,404,1.2857,21
Vampire,2000,3,5,30,30,30,10,575,5.91144,5.63149,5262,819,1.3333,69
Duell,2004,2,2,30,30,30,9,579,6.35171,5.791,3232,682,1.3385,65
King Arthur,2003,2,4,90,90,90,8,245,5.20531,5.446,15214,512,1.5,20
Keltis: Der Weg der Steine Mitbringspiel,2009,2,4,15,15,15,7,1015,6.45571,5.95107,2316,1530,1.2784,97
Spectaculum,2012,2,4,45,30,45,8,525,6.40963,5.79609,3196,750,1.725,40
Zero Down,1998,2,5,20,20,20,8,575,6.4455,5.81369,3072,872,1.2778,36
Zombiegeddon,2009,2,4,60,60,60,0,226,5.74289,5.53651,9664,435,2.1667,18
Callisto: The Game,2009,2,4,20,20,20,7,572,6.16776,5.70964,3999,793,1.6279,43
Escalation!,2007,2,6,15,15,15,10,846,5.71842,5.58439,6697,981,1.0722,97
Genesis,2006,2,4,45,45,45,10,439,6.44656,5.76068,3497,524,2.0656,61
Ramses Pyramid,2009,2,4,20,20,20,8,457,5.0294,5.35723,15708,1181,1.25,36
Mmm!,2015,1,6,20,15,20,5,346,6.43505,5.71124,3983,508,1.125,8
Fruit Spy,2005,3,5,20,15,20,8,539,5.80044,5.58963,6502,895,1.2676,71
Dragon Parade,2007,2,5,30,30,30,10,622,5.75887,5.59633,6253,894,1.2254,71
Spy,2004,2,4,30,30,30,10,493,5.51858,5.50231,12763,929,1.2833,60
Maginor,2001,2,4,45,45,45,12,331,5.47946,5.49278,13489,770,1.85,40
King Arthur: The Card Game,2005,2,5,30,30,30,8,492,6.10291,5.67931,4374,717,1.525,80
Yellow & Yangtze,2018,2,4,90,90,90,14,104,8.23894,5.72166,3860,326,3.1667,6
Gem Dealer,2008,3,5,30,30,30,8,322,5.5441,5.50646,12396,735,1.2414,29
Desperados,1990,2,4,30,30,30,8,325,5.54766,5.50105,12868,770,1.5,26
Keltis: Das Orakel,2010,2,4,30,30,30,10,604,6.94412,6.00034,2113,821,2.1186,59
Mmm ... Brains!,2006,3,5,15,15,15,6,378,5.33717,5.45668,14995,579,1.0652,46
Bucket Brigade,1998,3,5,30,30,30,7,576,6.03448,5.67094,4510,740,1.2941,51
Pinguin-Party,2008,2,6,15,15,15,6,859,6.35561,5.86365,2762,1169,1.1528,72
Ingenious Challenges,2010,2,4,30,30,30,14,431,5.89418,5.60396,Not Ranked,1164,1.3871,31
Medici: The Card Game,2016,2,6,30,30,30,10,694,6.88344,6.02028,2044,1409,1.6364,11
Orongo,2014,2,4,40,40,40,10,288,6.59149,5.72649,3814,502,2.2353,17
Katzenjammer Blues,1998,2,6,30,30,30,10,678,5.88636,5.63608,5173,943,1.4462,65
Trendy,2000,2,5,20,20,20,8,492,6.20198,5.71146,3979,535,1.1,60
Double or Nothing,2006,3,6,20,20,20,10,487,5.67918,5.55358,8308,678,1.1111,63
Pirates!,2005,2,6,30,30,30,7,168,5.74554,5.53063,10172,334,1.5882,17
Rondo,2012,2,4,25,25,25,8,502,6.56285,5.82257,3013,737,1.4138,29
Los Banditos,2008,2,2,15,15,15,8,330,6.37112,5.69484,4162,431,1.4194,31
Queen of the Cupcakes,2005,2,5,20,20,20,7,236,5.81339,5.54928,8615,400,1.35,40
My Word!,2001,2,6,30,30,30,7,412,5.72034,5.55296,8349,822,1.325,40
Reiner Knizia's Amazing Flea Circus,2003,2,6,10,10,10,6,563,5.80119,5.59164,6425,814,1.0625,80
Der Herr der Ringe: Die Gefährten – Das Kartenspiel,2001,2,4,45,45,45,9,315,5.90667,5.57812,6955,772,1.7576,33
Wheedle,2002,4,6,30,30,30,9,471,6.13749,5.68119,4343,810,1.2045,44
"Easy Come, Easy Go",2004,2,4,30,30,30,8,350,5.95206,5.60082,6094,376,1.02,50
Figaro,2006,3,6,30,30,30,8,337,5.26386,5.43942,15302,553,1.1026,39
The Hobbit: The Desolation of Smaug,2013,1,4,60,45,60,15,149,6.66772,5.6386,5106,474,1.8333,12
Neue Spiele im alten Rom,1994,2,7,0,0,0,10,189,6.82487,5.68257,4327,431,2.1818,11
Gravediggers,2005,2,5,25,25,25,10,331,5.7497,5.54946,8604,538,1.5217,46
Thor,2002,2,6,30,30,30,0,278,6.48392,5.70534,4044,531,1.3514,37
Members Only,1996,3,5,45,45,45,10,316,6.59454,5.74111,3658,368,2,35
King's Road,2017,2,5,30,30,30,10,317,6.69166,5.76031,3500,744,1.8571,7
It's Mine!,1998,3,5,30,30,30,7,423,5.96314,5.62606,5409,558,1.0741,54
Battleship Express,2007,2,4,20,20,20,7,292,5.44564,5.48397,14027,582,1.125,32
BITS,2011,1,4,45,30,45,8,364,6.47212,5.73993,3671,426,1.4583,24
Alles Tomate!,2007,2,8,20,15,20,6,334,5.88524,5.58123,6811,644,1.0571,35
IGOR: The Monster Making Game,2008,1,4,20,20,20,7,172,5.81773,5.5429,9084,288,1.125,24
Little Italy,2007,2,6,30,30,30,10,232,5.70517,5.53447,9826,359,1.4286,28
Monkey Madness,2001,2,4,10,10,10,3,127,5.36811,5.48721,13834,170,1,19
Robot Master,2008,1,4,15,15,15,8,228,6.38116,5.64403,4996,324,1.32,25
Penguin,2007,2,6,20,20,20,8,469,4.65525,5.24812,15817,581,1.0725,69
Tal der Abenteuer: Die Schatzsuche im Himalaja,2006,2,4,45,45,45,8,279,5.87982,5.57657,7033,488,1.619,42
Zen Master,2010,3,5,30,30,30,8,346,6.31844,5.69276,4195,600,1.35,20
Scary Tales: Snow White vs. The Giant,2009,2,2,20,20,20,13,151,5.16374,5.45749,14977,377,1.4,15
Head-to-Head Poker,2005,2,2,30,30,30,10,193,5.66969,5.52025,11116,333,1.6071,28
Stonehenge,1994,2,2,15,15,15,10,117,6.27863,5.5705,7337,246,2,10
Res Publica: 2230AD,2015,3,5,60,60,60,10,105,6.30857,5.53111,10124,443,2,7
Mole Hill,1997,2,2,15,15,15,8,195,5.95026,5.56131,7860,318,1.7407,27
Grand National Derby,1996,2,5,30,30,30,10,86,6.31744,5.55765,8053,138,1.6,10
Simply Ingenious,2008,2,4,20,20,20,7,353,5.24881,5.42971,15409,766,1.1724,29
Dice Games Properly Explained,1999,0,0,0,0,0,8,114,6.65105,5.60179,Not Ranked,299,1.8571,7
Turf Horse Racing,1995,3,6,60,60,60,10,100,6.503,5.58231,6771,137,1.6667,9
Wapi,2003,2,5,20,20,20,8,94,4.95213,5.45353,15074,146,1,12
Heckmeck Barbecue,2010,2,5,25,25,25,8,370,6.21857,5.67187,4490,734,1.4815,27
Mago Magino,2004,2,5,30,30,30,5,140,6.19714,5.56844,7430,240,1.1364,22
Scary Tales: Little Red vs. Pinocchio,2009,2,2,20,20,20,13,173,5.09856,5.44402,15243,410,1.3333,15
Keltis: Das Würfelspiel,2012,2,4,30,30,30,8,456,6.44953,5.77578,3353,668,1.2647,34
The Great Chinese Railway Game,0,2,4,75,75,75,12,0,0,0,Not Ranked,2,0,0
Schatz der Drachen,2003,2,5,20,20,20,5,165,6.67012,5.64765,4929,293,1.2353,17
Glenn's Gallery,2010,3,5,60,60,60,10,69,5.7029,5.51233,11841,231,2.5,4
Lost Cities: Rivals,2018,2,4,40,40,40,10,110,7.12455,5.64474,4984,357,2,3
Buzz It!,2010,3,15,30,30,30,7,309,5.69735,5.53628,9678,535,1.1333,15
Castellers,2008,2,4,30,30,30,0,136,5.65088,5.5155,11567,192,1.3846,13
Attacke,1993,3,5,30,30,30,8,140,5.75143,5.52664,10533,247,1.5,12
Genial Spezial,2009,2,4,40,40,40,10,170,5.99147,5.56669,7531,281,2,15
Star Wars: Attack of the Clones Card Game,2002,2,5,45,45,45,8,100,5.773,5.53429,9843,248,1.2143,14
Hong Kong,1999,2,2,15,15,15,8,71,5.76479,5.51597,11522,125,2.1429,7
Lunar Command,2009,2,2,30,15,30,7,74,5.54851,5.50177,12802,191,1.5455,11
Bunte Runde,2005,2,6,15,15,15,6,187,5.93449,5.55973,7940,154,1.1905,21
Twins,1996,3,6,30,30,30,8,162,6.22994,5.58555,6641,339,1.25,4
Toppo,2006,2,4,10,10,10,10,191,5.86126,5.55172,8429,292,1.2273,22
Crafty Badger,2000,2,4,15,15,15,4,125,5.5736,5.50666,12378,272,1,15
SWAT!,2010,2,7,30,30,30,7,174,6.03029,5.56709,7510,287,1.1538,13
Der Herr der Ringe: Die Zwei Türme – das Kartenspiel,2002,2,5,30,30,30,9,169,5.75385,5.53353,9921,408,1.8889,18
Yangtze,2016,2,4,60,60,60,8,119,6.6621,5.60323,6006,191,2,1
Das letzte Paradies,1993,3,5,30,30,30,12,148,5.74257,5.52549,10630,288,1.9375,16
Amphipolis,2015,1,4,30,30,30,10,104,6.20726,5.55747,8065,152,1.6667,3
Einfach Genial: Das Kartenspiel,2008,2,4,30,20,30,8,260,5.79827,5.55431,8262,488,1.16,25
Code Cracker,2007,1,6,30,30,30,8,162,5.99673,5.56381,7717,247,1.2273,22
Amun-Re: The Card Game,2017,2,5,45,45,45,14,144,6.88497,5.64774,4928,252,2.75,4
Safari,2000,2,4,15,15,15,3,75,4.87867,5.46062,14894,117,1.4444,9
Sakura,2018,2,6,40,20,40,10,144,6.54236,5.61491,5692,309,1.25,4
Khan of Khans,2016,2,5,25,15,25,9,161,6.12609,5.54915,8625,368,1.1,10
Secrets of the Sea,2006,2,4,30,30,30,6,120,6.07132,5.55073,8504,207,1.4,15
Am Fuß des Kilimandscharo,1995,2,4,45,45,45,7,79,5.62405,5.50952,12107,193,1.125,8
Vegas,1996,2,4,60,60,60,12,88,5.02614,5.4667,14737,184,1.4545,11
Battle for Olympus,2009,2,2,20,20,20,8,38,5.86316,5.50944,12115,31,2.4,5
Heckmeck Junior,2010,2,5,20,20,20,5,188,6.08103,5.58292,6752,352,1.1667,12
Shoot Out,2002,2,2,20,20,20,10,126,5.26333,5.47785,14350,392,1.1333,15
Die Insel,2005,2,4,45,45,45,10,87,6.71494,5.58369,6726,160,1.9412,17
Dragon Master,2004,2,2,10,10,10,0,79,5.89367,5.5275,10449,244,1.2857,7
Hopp hopp Häschen,2004,2,5,15,10,15,3,93,5.85161,5.52474,10701,165,1,7
Big Five,2010,1,4,20,20,20,7,181,6.33343,5.617,5638,294,1.4615,13
Mini FITS,2010,1,4,15,15,15,8,253,5.86356,5.56887,7410,425,1.2308,26
Ramses Return,2011,2,4,10,10,10,7,133,5.47173,5.48601,13909,379,1,12
SuDoku: The Card Game,2006,2,5,20,20,20,8,119,5.27647,5.47668,14396,186,1.2857,14
Catch the Mice,2009,2,4,20,20,20,8,72,5.33125,5.48971,13703,165,1.125,8
Pickpocket,2008,2,6,30,30,30,10,77,5.91948,5.52516,10661,134,1.625,8
Hollywood Lives,2004,10,25,180,180,180,12,17,7.44118,0,Not Ranked,135,1.75,4
Drachenhort,2015,2,7,60,30,60,8,104,6.6699,5.59606,6261,181,1.5,8
Gold Nuggets,2013,2,5,20,20,20,8,58,5.59526,5.50303,12700,103,1.3333,6
Star Wars: Galaxy Rebellion,2015,2,4,45,30,45,8,50,5.2204,5.49439,13392,87,1,4
Olix,1994,2,2,30,30,30,8,39,6.0359,5.5179,11367,109,2.25,4
Electronic Labyrinth,2011,2,4,60,45,60,8,109,6.43211,5.57556,7087,263,2,8
The Adventure League,0,2,4,60,60,60,8,2,6,0,Not Ranked,0,0,0
Inuyasha: Das Action Würfelspiel,2005,1,4,30,30,30,10,10,6.67,0,Not Ranked,36,1,1
Ohio,1998,2,5,30,30,30,12,99,5.87081,5.52963,10254,110,1.625,8
Blazing Aces! A Fistful of Family Card Games,1995,1,20,0,0,0,10,32,6.74062,5.53353,9923,157,2,4
Córdoba,2008,2,2,20,20,20,0,160,5.61306,5.51311,11774,291,1.2105,19
Katego,1999,2,4,20,20,20,8,70,5.46429,5.49788,13127,59,1.0769,13
SuDoku: Das Brettspiel,2005,1,4,45,45,45,6,103,4.60194,5.4209,15484,216,1.2667,15
Take it Higher!,2009,1,6,25,25,25,0,102,6.79853,5.60869,5848,140,2.2222,9
Jumbo Grand Prix,1998,2,5,30,30,30,8,124,5.82581,5.53365,9910,158,1.4375,16
POW!,2016,2,5,20,20,20,8,133,6.24564,5.56836,7437,251,1,1
Topas,2009,1,4,15,15,15,8,105,5.59952,5.50821,12230,207,1.1429,7
Inferno,2005,3,7,20,20,20,8,122,5.84344,5.53085,10150,247,1.4,10
Dark Side,2001,3,5,60,60,60,10,43,4.66093,5.47035,14625,88,2,5
Einfach Genial Knobelspass,2007,1,4,15,15,15,10,62,5.97419,5.52219,10945,124,1.7143,7
Axio,2017,2,4,40,20,40,8,93,6.67167,5.58703,6588,109,1.5,6
Kangaroo,2009,3,6,10,10,10,5,90,5.63722,5.51031,12019,150,1,9
Flinke Flitzer,2000,2,4,10,10,10,4,54,5.38889,5.49268,13497,120,1,9
Horse Fair Card Game,2007,2,6,20,20,20,6,78,5.74615,5.51578,11544,121,1.0909,11
Over/Under,2008,2,99,15,15,15,10,58,5.92069,5.51882,11257,176,1,2
Planet Rush,2016,3,5,45,45,45,13,22,6.89545,0,Not Ranked,42,2,2
Complica,1985,2,2,10,10,10,7,15,6.46667,0,Not Ranked,20,2,2
Rooster Booster,2004,3,5,30,30,30,8,66,5.50606,5.49821,13108,104,1.3333,9
Nuba,1995,2,2,10,10,10,12,44,6.21318,5.52723,10480,94,2,5
Wer war's?: Mitbringspiel,2009,2,5,15,15,15,5,48,6.28854,5.53146,10097,149,1,3
Lost Cities: To Go,2018,2,2,20,20,20,8,56,6.97589,5.56852,7425,136,0,0
Voodoo Prince,2017,2,5,20,20,20,8,191,6.83784,5.69666,4143,322,1.5,2
Unauthorized Production,2014,2,8,20,20,20,0,28,5.78393,0,Not Ranked,102,1,1
Diabolo,1999,2,6,20,20,20,10,38,5.74816,5.50562,12470,97,1.3333,6
Forbidden City,2018,2,4,30,30,30,8,28,6.41429,0,Not Ranked,41,0,0
Sudoku: Duell der Meister,2006,2,2,25,25,25,10,51,5.94706,5.51967,11162,100,2.2,5
Icarus,2015,3,7,45,30,45,13,42,6.01905,5.51895,11240,82,1,1
Kartenschach,2000,2,2,60,60,60,12,19,6.49474,0,Not Ranked,59,2,5
James Rizzi,2005,2,2,10,10,10,12,17,5.76471,0,Not Ranked,5,1,2
Einfach Genial: Das Würfelspiel,2012,2,4,30,30,30,8,127,5.43595,5.49138,13595,241,1.3333,6
Neuron,2010,1,4,20,20,20,8,44,5.35682,5.49453,13381,53,2,4
Piranhas,2012,2,4,20,20,20,8,83,5.72892,5.51595,11524,178,1,8
Connections,2012,1,4,20,20,20,8,97,6.36155,5.57063,7327,152,1.7143,7
Bee Alert,2012,2,5,15,15,15,4,98,6.50306,5.58031,6847,139,1.2,5
Leapin' Lily Pads,2000,2,5,15,15,15,4,54,5.51481,5.50414,12602,89,1,5
Jupiter,1993,2,4,15,15,15,8,34,6.28824,5.52085,11078,69,1.5,2
Yundao,2004,2,5,30,30,30,10,67,5.03358,5.47206,14568,62,1.6364,11
Captain Black,2015,2,4,50,30,50,6,38,6.38947,5.52948,10271,86,2,1
RevoltaaA,2015,3,5,20,10,20,10,89,5.7618,5.51232,11845,110,1.1818,11
Scary Tales: Big Bad Wolf vs. Cinderella,0,2,2,20,20,20,13,3,5.33333,0,Not Ranked,10,1,1
The Amazing Spider-Man Game,2012,2,4,15,15,15,6,12,4.75833,0,Not Ranked,20,1,1
Ferkelei,1995,2,5,45,45,45,8,25,5.56,0,Not Ranked,53,1,1
Tor,1995,2,2,20,20,20,8,34,5.26471,5.49168,13576,75,1,1
Allerley Spielerey,1994,1,7,30,30,30,12,6,6,0,Not Ranked,18,0,0
Memo Street,2003,2,4,20,20,20,8,54,5.22963,5.48744,13821,68,1.25,4
Pantheon,0,2,4,20,20,20,12,5,6.6,0,Not Ranked,16,0,0
Stingy,2015,2,6,50,30,50,10,74,5.42297,5.49796,13121,110,2,4
Tiku,1993,2,2,15,15,15,0,32,6.79063,5.53622,9684,57,1.3333,3
Criss Cross,2017,1,6,10,10,10,8,130,6.35462,5.58696,6591,253,1,2
3D Memo Smurfs,2008,2,5,10,10,10,0,2,5.5,0,Not Ranked,5,0,0
Kariba,2010,2,6,20,20,20,7,53,6.26434,5.53879,9472,109,1,1
Abenteuer auf dem Zahlen-Fluss,2006,1,4,15,15,15,7,7,7,0,Not Ranked,19,2,1
Silver Screen,2014,2,4,40,40,40,11,1,7,0,Not Ranked,3,0,0
Fast Lane,2010,2,6,10,10,10,6,39,5.45667,5.49853,13069,75,1,6
Spirits!,2007,2,6,20,20,20,0,71,5.61268,5.4966,13238,131,1,8
Animal Express,2007,2,5,20,20,20,5,46,5.37609,5.49506,13341,38,1,3
Cars 2: Race Champions,2011,2,4,15,15,15,5,21,4.38095,0,Not Ranked,36,1,4
Scary Tales: Prince Charming vs. Hansel,2010,2,2,20,20,20,13,51,5.83922,5.50892,12167,156,1.6667,6
Hochstapler,2009,3,7,20,20,20,8,103,5.53398,5.50116,12861,166,1.3077,13
Monkeyland,2011,2,5,15,15,15,5,41,5.71951,5.50783,12268,59,1.1111,9
Invasion of the Garden Gnomes,2017,2,5,30,30,30,14,4,7.5,0,Not Ranked,3,0,0
Pyramido,1991,2,4,20,20,20,8,11,6.73636,0,Not Ranked,20,1.5,2
Catena,1992,2,4,20,20,20,10,14,5.78571,0,Not Ranked,26,1.6,5
Motto,2015,2,4,30,20,30,8,50,5.468,5.49862,13058,48,1.5,2
Sokrates,1994,2,4,20,20,20,8,25,5.06,0,Not Ranked,67,1.5,4
Noah's Ark,1999,2,4,10,10,10,5,5,5.6,0,Not Ranked,15,0,0
Bello,2007,2,8,5,5,5,0,34,5.23529,5.49212,13539,74,1,5
Long Live The Revolution!,2010,3,5,10,10,10,8,59,5.73051,5.51123,11945,99,1.2222,9
Bandito,2002,2,2,0,0,0,5,4,4.5,0,Not Ranked,16,0,0
Pan tu nie stał! Demoludy,2015,3,5,30,30,30,10,79,5.34304,5.48605,13903,118,1.3333,3
Prisma,1991,2,2,20,20,20,10,7,4.97143,0,Not Ranked,27,1,1
The Hobbit: An Unexpected Journey – Das Kartenspiel,2012,2,4,30,30,30,8,28,5.62393,0,Not Ranked,62,2,2
Chaos in the Kids' Room,2006,2,6,10,10,10,4,38,5.96053,5.51527,11584,83,1,3
Wiener Walzer,2016,2,5,45,45,45,8,35,6.30571,5.52337,10830,50,0,0
Take It!,2007,2,5,15,15,15,8,35,5.75714,5.50787,12266,59,1.1667,6
SuDoku Hex!,2006,1,4,15,15,15,10,21,5.5619,0,Not Ranked,30,1.5,4
Wir gehen einkaufen,2006,2,4,10,10,10,3,11,5.95455,0,Not Ranked,23,1,2
Krabbel-Trabbel,2005,2,4,15,15,15,6,15,5.98,0,Not Ranked,42,1,2
Fleet Fins,2003,2,4,10,10,10,4,17,6.33529,0,Not Ranked,39,1,2
Der kleine Sprechdachs,2006,2,5,15,15,15,5,18,5.30556,0,Not Ranked,40,1,3
Neue Taktikspiele mit Würfeln und Karten,1990,2,6,0,0,0,8,12,6.33333,0,Not Ranked,20,0,0
Einfach Genial Junior,2007,1,4,30,30,30,6,15,5.93333,0,Not Ranked,32,1,1
Hot Potatoes,2002,2,6,20,20,20,6,11,4.8,0,Not Ranked,17,1,2
Flotte Flitzer,2006,2,6,25,25,25,7,27,4.89074,0,Not Ranked,81,1.3333,3
Sudoku Challenge,2006,1,4,20,20,20,7,29,4.68966,0,Not Ranked,67,1.5,6
Azteken Schatz,2006,2,5,20,20,20,8,25,5.06,0,Not Ranked,69,2,2
Run,1993,2,2,30,30,30,0,10,6.1,0,Not Ranked,25,0,0
Zwergenkönig,2002,2,4,10,10,10,4,2,4.75,0,Not Ranked,17,0,0
Yo! Marvel Heroes,2007,2,4,30,30,30,0,6,5.4,0,Not Ranked,13,1,2
Keltis Ór,2012,2,4,20,20,20,8,59,6.3322,5.52762,10435,9,2,4
Catch,1995,2,2,0,0,0,8,7,6.21429,0,Not Ranked,18,0,0
Kalle Kängu,2003,2,4,20,20,20,4,5,4.4,0,Not Ranked,26,0,0
Start 11!  The Board Game,2012,2,4,30,30,30,8,55,6.17636,5.53031,10201,109,1.5,4
Zaromba und der verhexte Wald,2002,3,5,45,45,45,6,7,4.28571,0,Not Ranked,19,1,2
Kubla's Gambol,2005,2,2,10,10,10,10,6,5,0,Not Ranked,19,2,1
Viele Tiere,2005,2,6,30,30,30,4,19,5.76316,0,Not Ranked,37,1,3
Nimbali,2001,2,4,10,10,10,5,6,4.66667,0,Not Ranked,18,0,0
Rechen-Kapitän,2006,1,4,15,15,15,6,8,5.675,0,Not Ranked,27,0,0
Keltis Das Mini-Spiel,2010,2,2,15,15,15,10,15,5.34,0,Not Ranked,44,1,2
Schollen Rollen,2017,2,6,0,20,0,8,85,6.10882,5.54473,8945,129,1,3
Mio!,2004,2,6,30,30,30,6,22,4.88636,0,Not Ranked,35,1,4
Gelini Nightlife,2009,2,5,20,20,20,7,25,5.9,0,Not Ranked,28,2,1
Dreaming Dragon,2012,2,4,30,30,30,6,32,5.7625,5.50737,12315,26,1,2
Cucina Curiosa,2015,1,4,30,20,30,8,20,6.465,0,Not Ranked,29,1,1
Business,1993,3,5,0,0,0,0,4,4.475,0,Not Ranked,20,0,0
Intermezzo,1993,2,2,10,10,10,10,6,6.41667,0,Not Ranked,18,1.5,2
Gold Armada,2017,2,5,0,20,0,7,44,5.76591,5.50235,12758,42,1,2
Kurre,1998,2,4,20,20,20,4,17,3.64706,0,Not Ranked,15,1,1
Polynesia,2015,2,4,60,60,60,10,5,4.95,0,Not Ranked,7,2,1
"Typisch Frau, typisch Mann",2006,2,8,0,0,0,16,21,5.40952,0,Not Ranked,54,1,1
Katzenbande,2008,2,4,10,10,10,4,20,5.96,0,Not Ranked,43,1,1
Bibi Blocksberg und das Geheimnis der blauen Eulen!,2004,2,5,30,30,30,7,9,4.66667,0,Not Ranked,14,0,0
Domino Knobelspass,2008,1,2,0,0,0,0,15,6.02667,0,Not Ranked,27,2,1
Primo Calculino,2006,2,4,10,10,10,5,2,5.75,0,Not Ranked,14,0,0
Sherlock Kids,2013,3,6,20,20,20,5,10,6.4,0,Not Ranked,38,1,1
Chex,1995,2,2,0,0,0,12,1,3,0,Not Ranked,16,4,1
Miskatonic University: The Restricted Collection,2018,2,5,45,30,45,13,0,0,0,Not Ranked,22,0,0
Kyoto,2013,1,4,30,30,30,8,25,5.24,0,Not Ranked,46,1.5,2
Penalty,1993,2,2,30,30,30,0,4,5.5,0,Not Ranked,10,0,0
Piraten-Fang,2003,2,4,15,15,15,4,5,4.66,0,Not Ranked,20,1,2
Tajemnicze podziemia,2016,1,5,25,15,25,6,72,6.65278,5.56073,7895,96,1,4
The Ultimate Dice Game Compendium,2006,0,0,0,0,0,6,3,5.66667,0,Not Ranked,15,0,0
"Lass nichts fallen, Kleiner Rabe",1999,2,4,15,15,15,4,7,5,0,Not Ranked,14,1,2
Domino Sudoku,2011,1,4,20,20,20,0,4,6.1875,0,Not Ranked,4,2,1
Mix Match,2010,2,6,15,15,15,8,12,5.56667,0,Not Ranked,22,0,0
Giro d'Italia,1991,2,4,0,0,0,10,3,5.66667,0,Not Ranked,12,0,0
Rrrats!,2011,2,5,20,20,20,5,19,4.94737,0,Not Ranked,15,1,1
Zoodoku,2006,1,4,20,20,20,6,3,2.66667,0,Not Ranked,4,1,1
Zombie Mania!,2014,2,5,20,20,20,8,32,4.7975,5.48422,14009,28,0,0
Singapur,2012,2,2,0,20,0,10,6,7.725,0,Not Ranked,13,1.6667,3
DTC,2012,2,6,20,20,20,7,48,6.05625,5.51754,11395,79,1.4,5
Im siebten Himmel,2005,2,5,20,20,20,10,6,4.11667,0,Not Ranked,14,1,1
Gravitas,2012,2,2,0,0,0,8,4,7,0,Not Ranked,11,1.5,2
Wer war's: Das Kartenspiel,2015,2,4,15,15,15,5,13,5.73077,0,Not Ranked,37,0,0
Wer war's? Löst das Rätsel von Schräghausen!,2010,2,4,45,45,45,7,26,6.03846,0,Not Ranked,59,1,1
Rummy 17,2016,2,6,20,20,20,10,27,5.97037,0,Not Ranked,56,0,0
Royal Flush,1993,2,7,15,15,15,0,2,5,0,Not Ranked,16,0,0
Candy Match,2017,2,6,20,10,20,8,23,6.41739,0,Not Ranked,51,0,0
Limes,1995,2,2,0,0,0,8,1,3,0,Not Ranked,17,0,0
Pędzące Ślimaki,2016,2,5,20,20,20,6,123,6.61626,5.59661,6241,134,1,5
King,1994,2,2,0,0,0,10,1,3,0,Not Ranked,14,0,0
Hot Wheels Speed Rallye,2011,2,4,15,15,15,6,6,5.83333,0,Not Ranked,20,1,1
Sieben unter Verdacht,2010,1,5,15,15,15,10,10,4.72,0,Not Ranked,30,1,1
Schwuppdibus,2000,3,4,10,10,10,5,4,6.25,0,Not Ranked,17,1,1
Disney Planes Air Champions,2013,2,4,15,15,15,5,3,3.33333,0,Not Ranked,9,1,1
The Good Dinosaur: The Great River Adventure,2016,2,4,0,20,0,5,5,6.3,0,Not Ranked,15,1,1
Kampf der Magier,2008,2,6,20,20,20,7,20,5.603,0,Not Ranked,41,1,3
Sudoku: Das Würfelspiel,2006,2,4,20,20,20,8,4,4.625,0,Not Ranked,19,0,0
Die drei ??? und der Feuerdiamant,2013,2,4,60,60,60,8,20,6.05,0,Not Ranked,43,2,2
Kick,1995,2,2,0,0,0,8,2,4.5,0,Not Ranked,13,0,0
Catch Me!,2010,2,5,20,20,20,0,2,5.5,0,Not Ranked,8,0,0
BITS Mitbringspiel,2012,1,4,20,20,20,8,22,5.68182,0,Not Ranked,53,1,2
Fische fangen,2007,2,5,15,15,15,4,3,6.33333,0,Not Ranked,8,1.5,2
Wahlparty,1990,4,12,0,0,0,12,3,6,0,Not Ranked,8,0,0
Heckmeck Deluxe,2018,2,7,30,30,30,8,7,8.28571,0,Not Ranked,2,0,0
King Arthur,2014,1,4,45,30,45,8,22,5.62273,0,Not Ranked,81,1.5,2
Kartel,2018,2,6,15,15,15,6,19,5.52632,0,Not Ranked,21,1,2
Sisyphos,1995,3,5,0,0,0,8,1,3,0,Not Ranked,15,0,0
Star Wars: Allianz der Rebellen,2016,2,4,30,30,30,7,4,4.45,0,Not Ranked,25,0,0
Picco Camillo,2005,2,6,15,15,15,4,6,6,0,Not Ranked,11,1.3333,3
Grimaffen,2010,2,6,20,10,20,4,18,5.52778,0,Not Ranked,18,1,3
Top,1994,2,3,0,0,0,0,1,4,0,Not Ranked,17,0,0
Mise: Kolonizace,2016,2,4,30,30,30,8,16,6.16875,0,Not Ranked,33,0,0
Spooky Wooky,2016,2,6,20,20,20,5,1,6,0,Not Ranked,9,0,0
Capt'n Sharky: Ab auf die Palme,2010,2,4,25,25,25,5,4,5.75,0,Not Ranked,11,0,0
Pairamid,2011,2,4,30,30,30,8,11,5.98182,0,Not Ranked,18,2.3333,3
Little Amadeus: Mein erstes Orchester,2006,2,5,15,15,15,5,6,6.16667,0,Not Ranked,18,0,0
Yakari: Geheime Botschaft,2012,2,4,15,15,15,4,7,5,0,Not Ranked,16,0,0
10 UP!,2014,2,2,20,10,20,8,2,5.45,0,Not Ranked,6,0,0
Kajko i Kokosz: Przygody Wojów,2015,2,5,20,20,20,8,22,6,0,Not Ranked,38,0,0
Gelini Catch Me!,2009,2,6,15,15,15,6,3,6,0,Not Ranked,15,1,1
Celebrity Throw Down!,0,3,8,0,0,0,14,6,6.41667,0,Not Ranked,22,0,0
Kto z Kim?,2013,3,8,30,30,30,8,39,5.08718,5.46717,14724,39,1,4
"1, 2, 3, Papagei!",2015,2,6,0,15,0,4,5,5.6,0,Not Ranked,11,1,1
Muumipeikon kalaretki,2016,2,4,15,15,15,3,11,4.27273,0,Not Ranked,11,0,0
SuDoku: Die Spielesammlung,2007,2,4,45,45,45,11,7,4.42857,0,Not Ranked,16,0,0
Schnell gelegt,2001,2,4,15,15,15,4,1,6,0,Not Ranked,10,0,0
Pummeleinhorn: Der Kekfe Marathon,2017,2,5,20,10,20,6,31,5.30968,5.48866,13767,67,1,1
Hopp Hopp,1999,2,4,20,20,20,6,8,4.75,0,Not Ranked,8,0,0
Liliput,2012,2,4,15,15,15,5,6,4.58333,0,Not Ranked,5,2,1
"Lernabenteuer Papier & Co., Was gehört wohin?",2005,1,4,20,20,20,5,0,0,0,Not Ranked,3,0,0
Ingenious Extreme,2017,1,4,45,30,45,8,8,7.125,0,Not Ranked,12,0,0
Wer war's? Das 2. Abenteuer: Mitbringspiel,2012,2,4,15,15,15,6,7,5.53571,0,Not Ranked,16,1,1
Nalle och hans vänner,2002,2,4,0,0,0,4,1,5,0,Not Ranked,4,0,0
Yamunda,2012,2,5,20,20,20,5,15,4.53333,0,Not Ranked,25,0,0
Lernabenteuer Tiere unserer Welt,2005,1,4,20,20,20,5,0,0,0,Not Ranked,2,0,0
"Keltis (with Neue Wege, Neue Ziele)",2012,2,4,30,30,30,10,54,7.26833,5.57639,Not Ranked,137,0,0
Ascot,1992,2,18,30,30,30,10,0,0,0,Not Ranked,7,0,0
Коммерсантъ.Деньги,2010,2,6,60,60,60,10,5,5.2,0,Not Ranked,6,0,0
Den färgglada clownen,2002,2,4,15,15,15,4,0,0,0,Not Ranked,1,0,0
Investopoly,1991,2,5,30,30,30,10,0,0,0,Not Ranked,6,0,0
Filly Butterfly: Sammle deine Funkelsteine,2015,2,4,0,0,0,4,4,4.25,0,Not Ranked,7,0,0
Was ist Was: Das Quizspiel,2009,2,5,30,30,30,8,8,5.9375,0,Not Ranked,18,0,0
Re,1994,2,2,15,15,15,0,3,5,0,Not Ranked,11,0,0
Mössens glada ostkalas!,2002,2,4,0,0,0,6,1,6.5,0,Not Ranked,2,0,0
Homo Pfifficus,1992,3,7,30,30,30,0,0,0,0,Not Ranked,10,0,0
Family Bingo,2014,2,6,40,40,40,6,5,4,0,Not Ranked,15,0,0
Sudoku: Verdrehte Blöcke,2006,1,4,15,15,15,8,5,4.5,0,Not Ranked,17,1,1
Verdrehte Sprichwörter,2008,3,6,45,45,45,14,3,6.33333,0,Not Ranked,8,0,0
Line Links,2014,1,4,0,0,0,8,8,5.25,0,Not Ranked,12,0,0
Dragon Master: BGG Convention Promo,2015,1,2,15,10,15,13,13,5.31538,0,Not Ranked,78,1,1
Wahltag,1994,2,4,0,0,0,0,1,3,0,Not Ranked,9,0,0
Powerplay,1991,2,2,20,20,20,8,0,0,0,Not Ranked,7,0,0
Benjamin Blümchen: als Zoodirektor,2002,2,4,30,30,30,5,0,0,0,Not Ranked,3,0,0
Sudoku: Verflixte Streifen,2006,1,4,10,10,10,0,4,3.5,0,Not Ranked,13,0,0
Size Matters,2005,2,6,0,0,0,8,1,5,0,Not Ranked,14,0,0
Фарт,2012,3,5,15,15,15,14,4,6,0,Not Ranked,11,0,0
Diamantenraub,2009,2,4,30,30,30,4,5,4.5,0,Not Ranked,10,1.5,2
Olympiade,1992,2,4,60,60,60,8,0,0,0,Not Ranked,6,0,0
Callisto,2015,2,4,30,15,30,7,16,6.8125,0,Not Ranked,36,1.5,2
Manga Kai,2018,4,10,10,10,10,8,1,3,0,Not Ranked,4,0,0
Irish Wolf,1992,3,4,15,15,15,8,4,5.5,0,Not Ranked,9,0,0
Jabba-Dabba-Dû!,2012,2,4,20,20,20,8,3,5.66667,0,Not Ranked,3,0,0
Brains Family: Burgen & Drachen,2018,2,4,30,15,30,8,4,5.5,0,Not Ranked,13,0,0
"Schlaf gut, kleiner Mondbär",2010,2,4,10,10,10,3,1,4,0,Not Ranked,3,0,0
Quattro,1994,2,2,20,20,20,10,2,2,0,Not Ranked,7,1,1
KrimsKrams Flohmarkt-Spiel,1998,2,5,10,10,10,4,1,4,0,Not Ranked,6,0,0
Linea,1992,2,2,20,20,20,10,0,0,0,Not Ranked,7,0,0
Regenbogenland,2008,2,4,15,15,15,4,0,0,0,Not Ranked,2,0,0
Kolej na kolej,2016,2,4,20,20,20,8,9,4.55556,0,Not Ranked,15,0,0
Kurzer Prozess,2017,3,6,45,30,45,10,6,5,0,Not Ranked,10,0,0
Seimi in the Super Crazy World,2017,2,5,45,45,45,9,14,6.57143,0,Not Ranked,24,0,0
Benjamin Blümchen: Lernabenteuer Auf Weltreise,2006,1,4,20,20,20,5,0,0,0,Not Ranked,3,0,0
Zające na łące,2016,2,4,20,20,20,6,11,6.45455,0,Not Ranked,15,0,0
Meine Goldene Wetterau,2017,2,4,30,20,30,6,2,4,0,Not Ranked,7,0,0
Buddy Hop,2014,2,5,20,0,20,4,8,5,0,Not Ranked,15,0,0
Office!,2015,3,5,10,10,10,8,2,6,0,Not Ranked,4,0,0
Karate Tomate,2018,3,10,0,20,0,8,2,4,0,Not Ranked,5,1,1
Hook 'em,2013,2,8,20,20,20,6,1,6.8,0,Not Ranked,4,0,0
Was ist Was: Junior – Ritterburg Kartenspiel,2008,2,5,15,15,15,0,1,5,0,Not Ranked,2,0,0
Die Wilden Kerle: Tor,2012,2,2,20,20,20,8,5,6.08,0,Not Ranked,18,0,0
Think: Kids – Alles Gemerkt?,2009,2,5,30,30,30,7,0,0,0,Not Ranked,6,0,0
600,1990,1,6,0,0,0,6,2,6,0,Not Ranked,1,0,0
Cards4You,2010,2,6,15,15,15,4,2,6.5,0,Not Ranked,1,2,1
Triade,1992,2,2,20,20,20,10,0,0,0,Not Ranked,6,0,0
Poker Kids,2008,2,6,30,30,30,5,0,0,0,Not Ranked,0,0,0
Clickbait,2018,3,8,30,10,30,14,2,8,0,Not Ranked,4,0,0
Hurjan hauska autokilpa,2016,2,5,20,15,20,6,6,5.66667,0,Not Ranked,2,0,0
Der Schatz des Käpt'n Flint,1991,2,2,10,10,10,8,1,7,0,Not Ranked,10,0,0
Prinzessin Lillifee: Das verzauberte Reh,2010,2,4,20,20,20,5,2,5.25,0,Not Ranked,6,0,0
Das Niederösterreich-Spiel,2004,2,6,30,30,30,7,3,4.33333,0,Not Ranked,7,0,0
Die Maus: Reise durch Deutschland,2015,2,4,20,20,20,7,0,0,0,Not Ranked,5,0,0
Hau Ruck!,2001,2,2,10,10,10,5,0,0,0,Not Ranked,1,0,0
Do You Know Shakespeare?,0,2,4,0,30,0,12,2,6,0,Not Ranked,4,0,0
Promi-Klatsch,2007,2,6,0,0,0,10,4,6.75,0,Not Ranked,7,0,0
Tiptoi bordspel: Het mysterie van het getalleneiland,2012,1,4,30,20,30,5,4,6,0,Not Ranked,15,1,1
Word Bits,2012,2,4,20,20,20,8,4,8.125,0,Not Ranked,13,1,1
Wer war's Happy Meal edition,2015,2,4,0,0,0,5,2,5.5,0,Not Ranked,7,0,0
Verfünft!,2012,1,4,15,15,15,8,2,4.5,0,Not Ranked,6,0,0
Monster Allergy YO! game,0,2,4,15,15,15,8,0,0,0,Not Ranked,0,0,0
Isle of Coconuts,2015,2,4,20,20,20,8,2,5.5,0,Not Ranked,3,0,0
Top That,2016,2,6,15,15,15,8,3,3,0,Not Ranked,3,1,1
Sprücheklopfer,2012,2,0,0,0,0,8,2,6,0,Not Ranked,3,0,0
Reporterspiel,2005,2,4,60,60,60,10,0,0,0,Not Ranked,1,0,0
Der magische Zwergenwald,2015,2,4,0,15,0,4,5,5.96,0,Not Ranked,14,1,2
Sabrina Stachelschwein,2017,2,5,15,10,15,6,2,4.75,0,Not Ranked,7,0,0
Tabaluga: Der Regenbogenschatz,2000,2,4,10,10,10,5,0,0,0,Not Ranked,1,0,0
Wirbelwörter,2012,2,0,0,0,0,8,3,6.66667,0,Not Ranked,6,0,0
Brain To Go: Gans schön verdächtig,2018,1,5,15,15,15,8,3,5.03333,0,Not Ranked,9,0,0
Monster High: Potworrrnie wciągająca gra!,2014,2,7,15,15,15,8,1,6.5,0,Not Ranked,2,1,1
Ravensburger Spiele Minis: Tiefsee Memo,2011,2,4,10,10,10,5,0,0,0,Not Ranked,0,0,0
Sacramento,1995,2,6,0,0,0,0,1,8,0,Not Ranked,0,1,1
Animal Snacks,2016,2,5,10,10,10,3,0,0,0,Not Ranked,1,0,0
Rechen Fuchs,2015,2,0,20,10,20,9,1,5,0,Not Ranked,1,0,0
IQ Bingo Logik,2012,2,2,20,10,20,8,0,0,0,Not Ranked,1,0,0
Was ist Was: Junior – Baustelle Kartenspiel,2008,2,5,15,15,15,6,2,7,0,Not Ranked,2,1,1
Dino Kontra Dino,2015,2,4,0,15,0,7,10,4.4,0,Not Ranked,18,0,0
Icebreaker Snow,2017,2,4,25,25,25,7,8,4.875,0,Not Ranked,3,0,0
Crobête,2018,2,4,15,0,15,6,0,0,0,Not Ranked,2,0,0
Labyrint Flip,2016,2,4,0,15,0,6,3,6.16667,0,Not Ranked,4,1,1
Tar Trackers,2016,2,4,10,10,10,6,0,0,0,Not Ranked,1,0,0
Was ist  Was: Junior – Polizei Kartenspiel,2008,2,5,15,15,15,6,0,0,0,Not Ranked,1,0,0
Wickie: Schatz Ahoi!,2016,2,4,20,10,20,5,0,0,0,Not Ranked,7,0,0
Das Quiz-Spiel mit der Maus,0,2,6,40,30,40,7,0,0,0,Not Ranked,2,0,0
IQ Bingo Tiere,2012,2,2,20,10,20,8,0,0,0,Not Ranked,1,0,0
Sticks & Stunts,2014,2,6,20,20,20,8,2,7,0,Not Ranked,4,0,0
Octo,1999,2,0,0,0,0,0,1,6,0,Not Ranked,0,0,0
IQ Bingo Welt,2012,2,2,20,10,20,8,0,0,0,Not Ranked,0,0,0
Keep Ahead,1994,2,4,60,40,60,10,0,0,0,Not Ranked,0,0,0
Nugget,1995,2,4,0,0,0,0,1,6,0,Not Ranked,0,0,0
Fang den Hut: Das Kartenspiel,2005,2,5,0,30,0,6,2,4.5,0,Not Ranked,1,0,0
Owl Solve That!,2017,2,4,20,20,20,10,0,0,0,Not Ranked,3,0,0
